<?xml version="1.0" encoding="UTF-8"?>
<!DOCTYPE properties SYSTEM "http://java.sun.com/dtd/properties.dtd">
<properties>
<comment>FileVault Package Properties</comment>
<entry key="description"></entry>
<entry key="packageType">application</entry>
<entry key="lastWrappedBy">admin</entry>
<entry key="packageFormatVersion">2</entry>
<entry key="group">my_packages</entry>
<entry key="created">2023-08-09T10:41:59.667-07:00</entry>
<entry key="lastModifiedBy">admin</entry>
<entry key="buildCount">2</entry>
<entry key="lastWrapped">2023-08-09T10:41:59.644-07:00</entry>
<entry key="version">2</entry>
<entry key="dependencies"></entry>
<entry key="createdBy">admin</entry>
<entry key="name">techvalidation-psapi</entry>
<entry key="lastModified">2023-08-09T10:41:59.644-07:00</entry>
</properties>
